,,,0.000,0.400,0.000,0.000,30.000,1.000,,,,,,,,,,,,,,,,,,,
Score,Item,Recipe,Power,Items,Buildings,Resources,Buildings Scaled,Resources Scaled,,Bauxite,Nitrogen Gas,SAM,Limestone,Crude Oil,Caterium Ore,Coal,Raw Quartz,Sulfur,Water,Uranium,Copper Ore,Iron Ore,,Alternate,Cost Sum,Cost Score,Scaled
50.0,Actual Snow,Actual Snow,0.00%,0.00%,0.00%,0.00%,0.00%,0.00%,,0.00%,0.00%,0.00%,0.00%,0.00%,0.00%,0.00%,0.00%,0.00%,0.00%,0.00%,0.00%,0.00%,,FALSE,98840.34,1,0.00
50.0,Adaptive Control Unit,Adaptive Control Unit,0.00%,0.00%,0.00%,0.00%,0.00%,0.00%,,0.00%,0.00%,0.00%,0.00%,0.00%,0.00%,0.00%,0.00%,0.00%,0.00%,0.00%,0.00%,0.00%,,FALSE,98840.34,1,0.00
50.0,AI Expansion Server,AI Expansion Server,0.00%,0.00%,0.00%,0.00%,0.00%,0.00%,,0.00%,0.00%,0.00%,0.00%,0.00%,0.00%,0.00%,0.00%,0.00%,0.00%,0.00%,0.00%,0.00%,,FALSE,98840.34,1,0.00
50.0,AI Limiter,AI Limiter,0.00%,0.00%,0.00%,0.00%,0.00%,0.00%,,0.00%,0.00%,0.00%,0.00%,0.00%,0.00%,0.00%,0.00%,0.00%,0.00%,0.00%,0.00%,0.00%,,FALSE,99766.54,1,0.00
97.7,Heavy Modular Frame,Alternate: Heavy Encased Frame,-1.83%,-6.53%,-7.65%,-2.77%,-6.02%,-2.51%,,-5.41%,-0.72%,0.00%,-6.10%,-4.25%,-0.61%,-1.36%,-0.30%,-1.16%,-2.83%,-1.29%,-0.09%,-4.53%,,TRUE,98840.34,0.9499195012,-3.74
50.0,Alclad Aluminum Sheet,Alclad Aluminum Sheet,0.00%,0.00%,0.00%,0.00%,0.00%,0.00%,,0.00%,0.00%,0.00%,0.00%,0.00%,0.00%,0.00%,0.00%,0.00%,0.00%,0.00%,0.00%,0.00%,,FALSE,98840.34,1,0.00
50.0,Alien DNA Capsule,Alien DNA Capsule,0.00%,0.00%,0.00%,0.00%,0.00%,0.00%,,0.00%,0.00%,0.00%,0.00%,0.00%,0.00%,0.00%,0.00%,0.00%,0.00%,0.00%,0.00%,0.00%,,FALSE,98840.34,1,0.00
50.0,Alien Protein,Hatcher Protein,0.00%,0.00%,0.00%,0.00%,0.00%,0.00%,,0.00%,0.00%,0.00%,0.00%,0.00%,0.00%,0.00%,0.00%,0.00%,0.00%,0.00%,0.00%,0.00%,,FALSE,98840.34,1,0.00
50.0,Alien Protein,Hog Protein,0.00%,0.00%,0.00%,0.00%,0.00%,0.00%,,0.00%,0.00%,0.00%,0.00%,0.00%,0.00%,0.00%,0.00%,0.00%,0.00%,0.00%,0.00%,0.00%,,FALSE,98840.34,1,0.00
50.0,Alien Protein,Spitter Protein,0.00%,0.00%,0.00%,0.00%,0.00%,0.00%,,0.00%,0.00%,0.00%,0.00%,0.00%,0.00%,0.00%,0.00%,0.00%,0.00%,0.00%,0.00%,0.00%,,FALSE,98840.34,1,0.00
50.0,Alien Protein,Stinger Protein,0.00%,0.00%,0.00%,0.00%,0.00%,0.00%,,0.00%,0.00%,0.00%,0.00%,0.00%,0.00%,0.00%,0.00%,0.00%,0.00%,0.00%,0.00%,0.00%,,FALSE,98840.34,1,0.00
92.3,Copper Ingot,Alternate: Copper Alloy Ingot,0.55%,0.07%,-23.37%,0.10%,-1.24%,-8.11%,,0.01%,0.22%,0.00%,0.06%,0.05%,0.19%,0.40%,0.09%,0.34%,0.28%,0.36%,-49.93%,874.09%,,TRUE,98840.34,0.9667414314,-2.48
57.7,Alumina Solution,Alumina Solution,0.40%,0.90%,-0.83%,2.45%,1.09%,0.09%,,2.05%,0.15%,0.00%,0.04%,-2.39%,-13.57%,0.29%,0.02%,-3.29%,7.54%,0.27%,2.77%,2.34%,,FALSE,100894.54,0.9958369001,-0.31
42.3,Alumina Solution,Unpackage Alumina Solution,0.83%,-2.74%,1.04%,1.88%,2.42%,4.78%,,-17.64%,0.33%,0.00%,-5.83%,-7.34%,-13.31%,700.83%,64.12%,97.07%,-20.43%,0.56%,2.80%,6.56%,,FALSE,101738.12,1.0041631,0.31
92.0,Aluminum Ingot,Alternate: Pure Aluminum Ingot,-0.66%,-1.67%,-2.16%,-2.16%,-2.70%,-5.28%,,37.29%,-0.26%,0.00%,-0.07%,1.95%,-0.22%,-0.49%,-59.93%,-0.42%,9.12%,-0.47%,-2.80%,-2.53%,,TRUE,98840.34,0.967222201,-2.45
50.0,Aluminum Casing,Aluminum Casing,0.00%,0.00%,0.00%,0.00%,0.00%,0.00%,,0.00%,0.00%,0.00%,0.00%,0.00%,0.00%,0.00%,0.00%,0.00%,0.00%,0.00%,0.00%,0.00%,,FALSE,98840.34,1,0.00
87.6,Diamonds,Alternate: Oil-Based Diamonds,-2.54%,-4.89%,-0.82%,-10.88%,-0.81%,-2.05%,,-0.05%,-1.00%,0.00%,-0.28%,79.64%,-0.85%,-96.26%,-0.41%,-1.61%,-1.32%,-1.80%,-0.01%,-0.02%,,TRUE,98840.34,0.9738528695,-1.95
50.0,Aluminum Ingot,Aluminum Ingot,0.00%,0.00%,0.00%,0.00%,0.00%,0.00%,,0.00%,0.00%,0.00%,0.00%,0.00%,0.00%,0.00%,0.00%,0.00%,0.00%,0.00%,0.00%,0.00%,,FALSE,102189.90,1,0.00
87.3,Dark Matter Crystal,Alternate: Dark Matter Trap,-0.52%,-1.53%,0.05%,-2.26%,-0.27%,-5.58%,,-0.01%,-0.21%,-53.78%,-0.06%,-0.04%,-0.17%,-0.39%,-0.08%,-0.33%,-0.26%,-0.41%,0.00%,0.00%,,TRUE,98972.60,0.9742373793,-1.92
86.7,Heavy Modular Frame,Alternate: Heavy Flexible Frame,-1.02%,-3.62%,-3.84%,-2.19%,-3.12%,-0.80%,,-4.66%,-0.40%,0.00%,-20.84%,0.64%,-0.18%,-0.78%,9.78%,-0.65%,-2.53%,-0.70%,0.02%,-4.40%,,TRUE,101442.32,0.9749262095,-1.87
50.0,Aluminum Scrap,Aluminum Scrap,0.00%,0.00%,0.00%,0.00%,0.00%,0.00%,,0.00%,0.00%,0.00%,0.00%,0.00%,0.00%,0.00%,0.00%,0.00%,0.00%,0.00%,0.00%,0.00%,,FALSE,100042.32,1,0.00
50.0,Assembly Director System,Assembly Director System,0.00%,0.00%,0.00%,0.00%,0.00%,0.00%,,0.00%,0.00%,0.00%,0.00%,0.00%,0.00%,0.00%,0.00%,0.00%,0.00%,0.00%,0.00%,0.00%,,FALSE,98840.34,1,0.00
86.1,Alumina Solution,Alternate: Sloppy Alumina,-0.90%,-2.46%,1.20%,-4.81%,-3.05%,-0.65%,,-7.80%,-0.35%,0.00%,-0.10%,-1.65%,-1.45%,-0.64%,63.74%,6.74%,-16.16%,-0.65%,-2.91%,-2.63%,,TRUE,98840.34,0.9755617875,-1.83
50.0,Automated Wiring,Automated Wiring,0.00%,0.00%,0.00%,0.00%,0.00%,0.00%,,0.00%,0.00%,0.00%,0.00%,0.00%,0.00%,0.00%,0.00%,0.00%,0.00%,0.00%,0.00%,0.00%,,FALSE,99333.46,1,0.00
50.0,Ballistic Warp Drive,Ballistic Warp Drive,0.00%,0.00%,0.00%,0.00%,0.00%,0.00%,,0.00%,0.00%,0.00%,0.00%,0.00%,0.00%,0.00%,0.00%,0.00%,0.00%,0.00%,0.00%,0.00%,,FALSE,98840.34,1,0.00
83.0,Crystal Oscillator,Alternate: Insulated Crystal Oscillator,-1.34%,-1.62%,-3.05%,-1.38%,-3.71%,-1.06%,,-0.03%,-0.53%,0.00%,-0.15%,0.36%,5.35%,-0.98%,-10.45%,-0.85%,-2.09%,-0.94%,-1.27%,-1.54%,,TRUE,98840.34,0.9787982569,-1.58
50.0,Battery,Battery,0.00%,0.00%,0.00%,0.00%,0.00%,0.00%,,0.00%,0.00%,0.00%,0.00%,0.00%,0.00%,0.00%,0.00%,0.00%,0.00%,0.00%,0.00%,0.00%,,FALSE,98840.34,1,0.00
50.0,Bauxite,Bauxite (Caterium),0.00%,0.00%,0.00%,0.00%,0.00%,0.00%,,0.00%,0.00%,0.00%,0.00%,0.00%,0.00%,0.00%,0.00%,0.00%,0.00%,0.00%,0.00%,0.00%,,FALSE,98840.34,1,0.00
50.0,Bauxite,Bauxite (Copper),0.00%,0.00%,0.00%,0.00%,0.00%,0.00%,,0.00%,0.00%,0.00%,0.00%,0.00%,0.00%,0.00%,0.00%,0.00%,0.00%,0.00%,0.00%,0.00%,,FALSE,98840.34,1,0.00
50.0,Biochemical Sculptor,Biochemical Sculptor,0.00%,0.00%,0.00%,0.00%,0.00%,0.00%,,0.00%,0.00%,0.00%,0.00%,0.00%,0.00%,0.00%,0.00%,0.00%,0.00%,0.00%,0.00%,0.00%,,FALSE,98840.34,1,0.00
50.0,Biomass,Biomass (Alien Protein),0.00%,0.00%,0.00%,0.00%,0.00%,0.00%,,0.00%,0.00%,0.00%,0.00%,0.00%,0.00%,0.00%,0.00%,0.00%,0.00%,0.00%,0.00%,0.00%,,FALSE,98840.34,1,0.00
50.0,Biomass,Biomass (Leaves),0.00%,0.00%,0.00%,0.00%,0.00%,0.00%,,0.00%,0.00%,0.00%,0.00%,0.00%,0.00%,0.00%,0.00%,0.00%,0.00%,0.00%,0.00%,0.00%,,FALSE,98840.34,1,0.00
50.0,Biomass,Biomass (Mycelia),0.00%,0.00%,0.00%,0.00%,0.00%,0.00%,,0.00%,0.00%,0.00%,0.00%,0.00%,0.00%,0.00%,0.00%,0.00%,0.00%,0.00%,0.00%,0.00%,,FALSE,98840.34,1,0.00
50.0,Biomass,Biomass (Wood),0.00%,0.00%,0.00%,0.00%,0.00%,0.00%,,0.00%,0.00%,0.00%,0.00%,0.00%,0.00%,0.00%,0.00%,0.00%,0.00%,0.00%,0.00%,0.00%,,FALSE,98840.34,1,0.00
80.4,Circuit Board,Alternate: Silicon Circuit Board,-1.92%,-0.71%,-3.19%,-0.66%,-4.09%,-0.88%,,6.22%,-0.76%,0.00%,-0.21%,-7.06%,-13.44%,-1.41%,7.91%,-1.21%,-2.30%,-1.40%,1.04%,0.60%,,TRUE,98840.34,0.9810936636,-1.41
50.0,Black Powder,Black Powder,0.00%,0.00%,0.00%,0.00%,0.00%,0.00%,,0.00%,0.00%,0.00%,0.00%,0.00%,0.00%,0.00%,0.00%,0.00%,0.00%,0.00%,0.00%,0.00%,,FALSE,98900.02,1,0.00
50.0,Blue FICSMAS Ornament,Blue FICSMAS Ornament,0.00%,0.00%,0.00%,0.00%,0.00%,0.00%,,0.00%,0.00%,0.00%,0.00%,0.00%,0.00%,0.00%,0.00%,0.00%,0.00%,0.00%,0.00%,0.00%,,FALSE,98840.34,1,0.00
79.1,Computer,Alternate: Crystal Computer,-1.23%,-2.01%,-2.15%,-1.42%,-2.41%,-0.96%,,-0.02%,-0.48%,0.00%,-0.13%,-5.95%,8.27%,-0.88%,7.23%,-0.78%,-3.39%,-0.88%,-1.09%,-0.99%,,TRUE,98840.34,0.982180696,-1.33
78.8,Fused Modular Frame,Alternate: Heat-Fused Frame,-0.35%,-2.77%,-2.57%,-1.00%,-0.85%,-1.62%,,-12.54%,9.03%,0.00%,-0.03%,0.57%,-0.12%,-0.25%,-0.05%,-0.22%,-1.38%,-0.24%,0.03%,0.13%,,TRUE,98840.34,0.982448778,-1.31
78.3,Uranium Fuel Rod,Alternate: Uranium Fuel Unit,-1.64%,-1.63%,-1.55%,-1.94%,-0.81%,-2.65%,,-1.71%,1.37%,0.00%,-9.89%,-2.69%,-3.78%,-1.22%,1.94%,-3.57%,-0.78%,-14.83%,-2.19%,-2.17%,,TRUE,98840.34,0.982810227,-1.28
50.0,Cable,Cable,0.00%,0.00%,0.00%,0.00%,0.00%,0.00%,,0.00%,0.00%,0.00%,0.00%,0.00%,0.00%,0.00%,0.00%,0.00%,0.00%,0.00%,0.00%,0.00%,,FALSE,99035.68,1,0.00
50.0,Candy Cane,Candy Cane,0.00%,0.00%,0.00%,0.00%,0.00%,0.00%,,0.00%,0.00%,0.00%,0.00%,0.00%,0.00%,0.00%,0.00%,0.00%,0.00%,0.00%,0.00%,0.00%,,FALSE,98840.34,1,0.00
77.2,Circuit Board,Alternate: Caterium Circuit Board,-1.96%,-0.69%,-2.72%,-1.78%,-3.80%,-0.43%,,6.22%,-0.78%,0.00%,-0.21%,-2.19%,13.99%,-1.46%,-12.17%,-1.22%,-5.35%,-1.40%,-1.55%,-1.72%,,TRUE,99098.84,0.9836595462,-1.22
73.3,Supercomputer,Alternate: Super-State Computer,-0.83%,-0.97%,-2.77%,-0.40%,-2.18%,-0.93%,,7.00%,-0.33%,0.00%,-0.09%,-4.31%,-19.29%,-0.59%,-12.07%,20.01%,1.35%,-0.59%,-0.20%,-0.04%,,TRUE,98840.34,0.9864661777,-1.01
72.0,Diamonds,Alternate: Turbo Diamonds,-3.09%,-1.73%,0.71%,-6.00%,1.19%,-3.10%,,-0.06%,0.55%,0.00%,-0.33%,7.47%,-1.03%,-46.90%,-0.51%,19.03%,0.72%,-2.15%,-0.02%,-0.05%,,TRUE,100208.14,0.9873295123,-0.95
50.0,Caterium Ingot,Caterium Ingot,0.00%,0.00%,0.00%,0.00%,0.00%,0.00%,,0.00%,0.00%,0.00%,0.00%,0.00%,0.00%,0.00%,0.00%,0.00%,0.00%,0.00%,0.00%,0.00%,,FALSE,98959.60,1,0.00
50.0,Caterium Ore,Caterium Ore (Copper),0.00%,0.00%,0.00%,0.00%,0.00%,0.00%,,0.00%,0.00%,0.00%,0.00%,0.00%,0.00%,0.00%,0.00%,0.00%,0.00%,0.00%,0.00%,0.00%,,FALSE,98840.34,1,0.00
50.0,Caterium Ore,Caterium Ore (Quartz),0.00%,0.00%,0.00%,0.00%,0.00%,0.00%,,0.00%,0.00%,0.00%,0.00%,0.00%,0.00%,0.00%,0.00%,0.00%,0.00%,0.00%,0.00%,0.00%,,FALSE,98840.34,1,0.00
71.3,Computer,Alternate: Caterium Computer,-1.01%,-1.16%,-1.25%,-0.85%,-1.93%,-0.60%,,-0.02%,-0.39%,0.00%,-0.11%,-4.90%,16.55%,-0.73%,-0.18%,-0.65%,-3.00%,-0.70%,-0.09%,-0.09%,,TRUE,99404.44,0.9877861819,-0.91
71.0,Aluminum Scrap,Alternate: Electrode Aluminum Scrap,0.23%,-1.27%,1.23%,-5.41%,1.17%,-3.27%,,-9.69%,0.09%,0.00%,-2.58%,11.01%,-0.08%,-88.57%,-4.07%,0.14%,-2.76%,0.12%,-0.02%,-0.99%,,TRUE,98840.34,0.9879852846,-0.90
69.6,Fuel,Alternate: Diluted Fuel,-0.96%,0.17%,-1.67%,1.32%,-2.63%,-0.57%,,-0.02%,4.91%,0.00%,-0.10%,-14.00%,-0.31%,2436.25%,-0.15%,35.30%,6.72%,-0.71%,-0.02%,-0.07%,,TRUE,98840.34,0.9889260804,-0.83
50.0,Circuit Board,Circuit Board,0.00%,0.00%,0.00%,0.00%,0.00%,0.00%,,0.00%,0.00%,0.00%,0.00%,0.00%,0.00%,0.00%,0.00%,0.00%,0.00%,0.00%,0.00%,0.00%,,FALSE,100745.06,1,0.00
67.9,Turbo Motor,Alternate: Turbo Pressure Motor,-0.58%,-0.74%,-0.94%,-0.61%,-1.23%,-1.05%,,-1.99%,2.59%,0.00%,3.45%,-3.21%,-0.23%,-0.44%,-3.04%,-0.37%,-1.09%,-0.41%,-0.16%,0.30%,,TRUE,98840.34,0.9899653674,-0.75
67.4,Concrete,Alternate: Rubber Concrete,-0.27%,-1.56%,-3.80%,-4.03%,-0.52%,-0.84%,,-0.01%,-0.10%,0.00%,-62.97%,5.43%,-0.09%,-0.20%,-0.04%,-0.18%,-0.34%,-0.24%,0.00%,0.00%,,TRUE,98840.34,0.9902595425,-0.73
50.0,Coal,Coal (Iron),0.00%,0.00%,0.00%,0.00%,0.00%,0.00%,,0.00%,0.00%,0.00%,0.00%,0.00%,0.00%,0.00%,0.00%,0.00%,0.00%,0.00%,0.00%,0.00%,,FALSE,98840.34,1,0.00
50.0,Coal,Coal (Limestone),0.00%,0.00%,0.00%,0.00%,0.00%,0.00%,,0.00%,0.00%,0.00%,0.00%,0.00%,0.00%,0.00%,0.00%,0.00%,0.00%,0.00%,0.00%,0.00%,,FALSE,98840.34,1,0.00
66.7,AI Limiter,Alternate: Plastic AI Limiter,-0.42%,-1.02%,-1.57%,-1.20%,-1.31%,-0.48%,,-0.01%,-0.16%,0.00%,-0.04%,2.97%,-9.52%,-0.29%,-0.06%,-0.27%,-2.12%,-0.30%,-1.61%,-1.45%,,TRUE,98840.34,0.9907163263,-0.69
65.5,Screw,Alternate: Steel Screw,-0.42%,-0.51%,-5.15%,-0.14%,-2.07%,-0.02%,,1.91%,-0.16%,0.00%,-0.04%,-0.99%,-1.19%,-0.29%,-0.06%,-0.27%,0.94%,-0.30%,0.20%,-1.70%,,TRUE,98840.34,0.9914308332,-0.64
50.0,Computer,Computer,0.00%,0.00%,0.00%,0.00%,0.00%,0.00%,,0.00%,0.00%,0.00%,0.00%,0.00%,0.00%,0.00%,0.00%,0.00%,0.00%,0.00%,0.00%,0.00%,,FALSE,100633.56,1,0.00
64.4,Motor,Alternate: Rigor Motor,-0.02%,-1.17%,-1.12%,-0.68%,-0.50%,-0.71%,,-0.27%,-6.29%,0.00%,0.00%,-0.02%,-4.59%,0.00%,3.32%,-0.01%,-0.69%,-0.06%,-0.28%,-0.82%,,TRUE,98840.34,0.9920449988,-0.59
64.2,Iron Rod,Alternate: Steel Rod,-0.30%,-0.71%,-3.05%,-0.83%,-1.41%,-0.25%,,-0.01%,-0.12%,0.00%,-0.03%,0.82%,-0.09%,-0.20%,-0.04%,-0.19%,-0.11%,-0.24%,-1.15%,-2.65%,,TRUE,98840.34,0.9921935795,-0.58
63.5,Concrete,Alternate: Fine Concrete,-0.25%,-1.32%,-2.92%,-3.79%,-0.04%,-0.84%,,-0.01%,-0.09%,0.00%,-60.01%,-0.02%,-0.09%,-0.20%,12.74%,-0.16%,-0.13%,-0.18%,0.00%,0.00%,,TRUE,99074.18,0.9926023338,-0.55
50.0,Concrete,Concrete,0.00%,0.00%,0.00%,0.00%,0.00%,0.00%,,0.00%,0.00%,0.00%,0.00%,0.00%,0.00%,0.00%,0.00%,0.00%,0.00%,0.00%,0.00%,0.00%,,FALSE,99812.56,1,0.00
63.1,Modular Frame,Alternate: Steeled Frame,-0.42%,-0.02%,-1.85%,0.17%,-2.04%,-0.10%,,-0.01%,-0.16%,0.00%,-0.04%,-0.55%,-0.14%,-0.29%,-0.06%,-0.27%,-0.20%,-0.30%,-0.13%,1.40%,,TRUE,98840.34,0.9928394065,-0.53
50.0,Cooling System,Cooling System,0.00%,0.00%,0.00%,0.00%,0.00%,0.00%,,0.00%,0.00%,0.00%,0.00%,0.00%,0.00%,0.00%,0.00%,0.00%,0.00%,0.00%,0.00%,0.00%,,FALSE,98941.98,1,0.00
50.0,Copper FICSMAS Ornament,Copper FICSMAS Ornament,0.00%,0.00%,0.00%,0.00%,0.00%,0.00%,,0.00%,0.00%,0.00%,0.00%,0.00%,0.00%,0.00%,0.00%,0.00%,0.00%,0.00%,0.00%,0.00%,,FALSE,98840.34,1,0.00
62.6,Steel Beam,Alternate: Aluminum Beam,-0.64%,-1.11%,-2.30%,-0.66%,-1.64%,0.64%,,12.32%,-0.25%,0.00%,8.46%,-3.63%,-0.21%,-0.44%,-0.10%,-0.41%,3.01%,-0.47%,0.00%,-8.00%,,TRUE,98840.34,0.9931225196,-0.51
61.0,Iron Rod,Alternate: Aluminum Rod,-0.33%,-0.54%,-3.06%,-0.71%,-1.44%,0.16%,,3.50%,-0.13%,0.00%,-0.03%,0.23%,-0.10%,-0.25%,-0.05%,-0.20%,0.95%,-0.24%,-1.15%,-4.09%,,TRUE,99024.04,0.9940376237,-0.45
60.8,Turbo Motor,Alternate: Turbo Electric Motor,-0.33%,-0.19%,-0.32%,-0.39%,-0.59%,-0.96%,,-0.47%,-8.60%,0.00%,-0.03%,-2.13%,1.66%,-0.25%,1.35%,-0.20%,-0.06%,-0.24%,0.14%,0.12%,,TRUE,99256.58,0.9941343452,-0.44
60.0,Motor,Alternate: Electric Motor,-0.07%,-0.68%,-0.50%,-0.53%,-0.34%,-0.60%,,-0.15%,-6.31%,0.00%,0.00%,-0.71%,-0.85%,-0.05%,3.40%,-0.04%,-0.64%,-0.06%,-0.09%,-0.65%,,TRUE,99090.82,0.9945590273,-0.41
50.0,Copper Ingot,Copper Ingot,0.00%,0.00%,0.00%,0.00%,0.00%,0.00%,,0.00%,0.00%,0.00%,0.00%,0.00%,0.00%,0.00%,0.00%,0.00%,0.00%,0.00%,0.00%,0.00%,,FALSE,102240.72,1,0.00
50.0,Copper Ore,Copper Ore (Quartz),0.00%,0.00%,0.00%,0.00%,0.00%,0.00%,,0.00%,0.00%,0.00%,0.00%,0.00%,0.00%,0.00%,0.00%,0.00%,0.00%,0.00%,0.00%,0.00%,,FALSE,98840.34,1,0.00
50.0,Copper Ore,Copper Ore (Sulfur),0.00%,0.00%,0.00%,0.00%,0.00%,0.00%,,0.00%,0.00%,0.00%,0.00%,0.00%,0.00%,0.00%,0.00%,0.00%,0.00%,0.00%,0.00%,0.00%,,FALSE,98840.34,1,0.00
50.0,Copper Powder,Copper Powder,0.00%,0.00%,0.00%,0.00%,0.00%,0.00%,,0.00%,0.00%,0.00%,0.00%,0.00%,0.00%,0.00%,0.00%,0.00%,0.00%,0.00%,0.00%,0.00%,,FALSE,98840.34,1,0.00
59.2,Concrete,Alternate: Wet Concrete,0.08%,-0.23%,-4.00%,-0.56%,-0.71%,-0.56%,,0.00%,0.03%,0.00%,-50.00%,0.01%,0.02%,0.05%,0.02%,0.04%,13.04%,0.00%,0.00%,0.00%,,TRUE,99314.42,0.9950092453,-0.37
50.0,Copper Sheet,Copper Sheet,0.00%,0.00%,0.00%,0.00%,0.00%,0.00%,,0.00%,0.00%,0.00%,0.00%,0.00%,0.00%,0.00%,0.00%,0.00%,0.00%,0.00%,0.00%,0.00%,,FALSE,98994.08,1,0.00
50.0,Crude Oil,Unpackage Oil,0.00%,0.00%,0.00%,0.00%,0.00%,0.00%,,0.00%,0.00%,0.00%,0.00%,0.00%,0.00%,0.00%,0.00%,0.00%,0.00%,0.00%,0.00%,0.00%,,FALSE,98840.34,1,0.00
59.2,Automated Wiring,Alternate: Automated Speed Wiring,-0.06%,-0.57%,-1.01%,-0.06%,-0.70%,-0.24%,,0.00%,-0.03%,0.00%,-0.01%,-4.01%,4.66%,-0.05%,5.11%,-0.04%,0.27%,-0.06%,0.12%,-0.26%,,TRUE,98840.34,0.995035711,-0.37
50.0,Crystal Oscillator,Crystal Oscillator,0.00%,0.00%,0.00%,0.00%,0.00%,0.00%,,0.00%,0.00%,0.00%,0.00%,0.00%,0.00%,0.00%,0.00%,0.00%,0.00%,0.00%,0.00%,0.00%,,FALSE,100981.32,1,0.00
59.0,Steel Ingot,Alternate: Coke Steel Ingot,-0.08%,-0.07%,-0.15%,-2.94%,-0.47%,-0.89%,,0.00%,-0.03%,0.00%,-0.80%,6.93%,-0.18%,-82.29%,-1.26%,-0.05%,0.08%,-0.06%,-0.02%,-3.02%,,TRUE,98840.34,0.9951499194,-0.36
58.9,Encased Uranium Cell,Alternate: Infused Uranium Cell,-0.03%,0.51%,1.31%,-0.25%,0.79%,-2.56%,,0.00%,-0.01%,0.00%,-9.15%,-0.02%,30.65%,0.00%,5.67%,0.91%,-2.03%,-37.51%,0.00%,0.00%,,TRUE,98840.34,0.9951755698,-0.36
50.0,Dark Matter Crystal,Dark Matter Crystal,0.00%,0.00%,0.00%,0.00%,0.00%,0.00%,,0.00%,0.00%,0.00%,0.00%,0.00%,0.00%,0.00%,0.00%,0.00%,0.00%,0.00%,0.00%,0.00%,,FALSE,101589.82,1,0.00
57.1,High-Speed Connector,Alternate: Silicon High-Speed Connector,-0.06%,-0.59%,-0.71%,-0.15%,-0.41%,-0.16%,,0.00%,-0.03%,0.00%,-0.01%,-2.41%,-10.30%,-0.05%,14.24%,-0.04%,-0.19%,-0.06%,0.14%,-0.19%,,TRUE,98840.34,0.9961763649,-0.29
57.1,Radio Control Unit,Alternate: Radio Control System,-0.95%,0.75%,-1.22%,0.33%,-1.99%,0.10%,,6.24%,-0.38%,0.00%,-0.10%,2.76%,-10.25%,-0.69%,-11.64%,-0.61%,0.67%,-0.71%,0.71%,0.63%,,TRUE,98840.34,0.9961916261,-0.28
56.4,Steel Ingot,Alternate: Solid Steel Ingot,-0.14%,-0.27%,0.27%,-2.46%,0.25%,-0.96%,,0.00%,-0.05%,0.00%,0.00%,-0.02%,-0.05%,-27.44%,0.01%,-0.08%,-0.07%,-0.06%,1.22%,-7.73%,,TRUE,98982.14,0.9965775982,-0.26
56.1,Heat Sink,Alternate: Heat Exchanger,-0.19%,-0.41%,-0.57%,-0.40%,-0.60%,0.01%,,-0.40%,-0.08%,0.00%,-0.02%,1.64%,-0.06%,-0.15%,-0.03%,-0.12%,-1.02%,-0.18%,-0.65%,-0.58%,,TRUE,98840.34,0.9967258616,-0.24
56.0,Plastic,Alternate: Recycled Plastic,0.11%,0.42%,0.10%,-0.03%,0.10%,-0.77%,,0.00%,0.04%,0.00%,0.01%,-4.56%,0.03%,0.10%,0.03%,0.07%,1.71%,0.06%,0.00%,0.00%,,TRUE,98863.02,0.9967747468,-0.24
50.0,Diamonds,Diamonds,0.00%,0.00%,0.00%,0.00%,0.00%,0.00%,,0.00%,0.00%,0.00%,0.00%,0.00%,0.00%,0.00%,0.00%,0.00%,0.00%,0.00%,0.00%,0.00%,,FALSE,101494.12,1,0.00
55.8,Iron Plate,Alternate: Coated Iron Plate,-0.07%,-0.48%,-1.26%,-0.49%,-0.35%,-0.11%,,0.00%,-0.03%,0.00%,-0.01%,0.57%,-0.02%,-0.05%,-0.01%,-0.05%,0.14%,-0.06%,-0.55%,-1.96%,,TRUE,98840.34,0.9968913316,-0.23
55.7,Reinforced Iron Plate,Alternate: Adhered Iron Plate,-0.01%,-0.94%,-0.20%,-0.13%,-0.04%,0.04%,,-0.39%,0.00%,0.00%,0.00%,0.92%,0.00%,0.00%,0.00%,-0.01%,-0.25%,0.00%,-0.12%,-0.43%,,TRUE,98840.34,0.9969196861,-0.23
50.0,Electromagnetic Control Rod,Electromagnetic Control Rod,0.00%,0.00%,0.00%,0.00%,0.00%,0.00%,,0.00%,0.00%,0.00%,0.00%,0.00%,0.00%,0.00%,0.00%,0.00%,0.00%,0.00%,0.00%,0.00%,,FALSE,98933.42,1,0.00
53.7,Reinforced Iron Plate,Alternate: Stitched Iron Plate,-0.03%,-0.51%,-0.24%,-0.04%,-0.08%,-0.01%,,-0.39%,-0.01%,0.00%,0.00%,-0.20%,2.09%,0.00%,-0.01%,-0.01%,-0.20%,0.00%,0.16%,-0.14%,,TRUE,98948.70,0.9980126226,-0.15
53.7,Cable,Alternate: Insulated Cable,-0.04%,-0.43%,-0.74%,-0.06%,-0.31%,0.13%,,0.00%,-0.02%,0.00%,0.00%,1.71%,-2.35%,0.00%,0.00%,-0.03%,-0.09%,-0.06%,-0.30%,-0.27%,,TRUE,98840.34,0.9980275796,-0.15
50.0,Empty Canister,Empty Canister,0.00%,0.00%,0.00%,0.00%,0.00%,0.00%,,0.00%,0.00%,0.00%,0.00%,0.00%,0.00%,0.00%,0.00%,0.00%,0.00%,0.00%,0.00%,0.00%,,FALSE,98840.34,1,0.00
50.0,Empty Fluid Tank,Empty Fluid Tank,0.00%,0.00%,0.00%,0.00%,0.00%,0.00%,,0.00%,0.00%,0.00%,0.00%,0.00%,0.00%,0.00%,0.00%,0.00%,0.00%,0.00%,0.00%,0.00%,,FALSE,98840.34,1,0.00
53.3,Cable,Alternate: Coated Cable,0.04%,-0.38%,-0.62%,-0.07%,-0.19%,0.02%,,0.00%,0.01%,0.00%,0.01%,0.96%,-2.17%,0.05%,0.01%,0.03%,0.07%,0.00%,-0.28%,-0.25%,,TRUE,98859.90,0.9982250841,-0.13
50.0,Encased Industrial Beam,Encased Industrial Beam,0.00%,0.00%,0.00%,0.00%,0.00%,0.00%,,0.00%,0.00%,0.00%,0.00%,0.00%,0.00%,0.00%,0.00%,0.00%,0.00%,0.00%,0.00%,0.00%,,FALSE,98840.34,1,0.00
53.2,Wire,Alternate: Fused Wire,-0.03%,-0.34%,-1.07%,-0.42%,-0.09%,-0.09%,,0.00%,-0.01%,0.00%,0.00%,0.08%,3.72%,0.00%,0.00%,-0.03%,-0.01%,-0.06%,-1.23%,-1.11%,,TRUE,98840.34,0.9982682872,-0.13
50.0,Encased Plutonium Cell,Encased Plutonium Cell,0.00%,0.00%,0.00%,0.00%,0.00%,0.00%,,0.00%,0.00%,0.00%,0.00%,0.00%,0.00%,0.00%,0.00%,0.00%,0.00%,0.00%,0.00%,0.00%,,FALSE,98840.34,1,0.00
53.2,Smart Plating,Alternate: Plastic Smart Plating,0.00%,-0.17%,-0.54%,-0.05%,-0.33%,-0.01%,,-0.07%,0.00%,0.00%,0.00%,0.12%,0.00%,0.00%,0.00%,0.00%,-0.06%,0.00%,-0.09%,-0.12%,,TRUE,98840.34,0.9982916787,-0.13
50.0,Encased Uranium Cell,Encased Uranium Cell,3.14%,-6.00%,-17.20%,-4.85%,0.69%,-9.26%,,-6.26%,-2.09%,-25.83%,6.56%,4.01%,-41.54%,-88.50%,2.12%,-12.53%,12.09%,25.14%,-34.37%,77.59%,,FALSE,99319.50,1,0.00
50.0,Excited Photonic Matter,Excited Photonic Matter,0.00%,0.00%,0.00%,0.00%,0.00%,0.00%,,0.00%,0.00%,0.00%,0.00%,0.00%,0.00%,0.00%,0.00%,0.00%,0.00%,0.00%,0.00%,0.00%,,FALSE,98840.34,1,0.00
53.2,Rotor,Alternate: Copper Rotor,-0.01%,-0.27%,-0.51%,0.17%,-0.28%,0.03%,,-0.14%,0.00%,0.00%,0.00%,-0.17%,0.00%,0.00%,0.00%,-0.01%,0.54%,0.00%,0.34%,0.02%,,TRUE,98840.34,0.9982930903,-0.13
50.0,Fabric,Fabric,0.00%,0.00%,0.00%,0.00%,0.00%,0.00%,,0.00%,0.00%,0.00%,0.00%,0.00%,0.00%,0.00%,0.00%,0.00%,0.00%,0.00%,0.00%,0.00%,,FALSE,98851.22,1,0.00
76.9,Ficsite Ingot,Ficsite Ingot (Aluminum),-1.27%,-0.69%,-1.13%,-1.78%,-1.33%,-2.72%,,9.47%,-0.50%,-33.34%,-0.14%,-0.01%,-19.97%,-0.94%,-0.21%,-0.80%,2.13%,-0.90%,-1.22%,-4.27%,,FALSE,98840.34,0.9839198739,-1.20
50.1,Ficsite Ingot,Ficsite Ingot (Caterium),-0.03%,-1.12%,-0.21%,-0.56%,-0.10%,1.12%,,-4.75%,-0.01%,0.00%,0.00%,0.73%,39.25%,-0.02%,0.00%,-0.02%,-1.38%,-0.02%,-1.22%,-4.26%,,FALSE,100450.00,0.9999434577,0.00
23.1,Ficsite Ingot,Ficsite Ingot (Iron),1.30%,1.81%,1.34%,2.34%,1.42%,1.60%,,-4.72%,0.51%,33.34%,0.14%,-0.72%,-19.28%,0.96%,0.21%,0.82%,-0.76%,0.92%,2.44%,8.52%,,FALSE,102076.70,1.016136668,1.21
50.0,Ficsite Trigon,Ficsite Trigon,0.00%,0.00%,0.00%,0.00%,0.00%,0.00%,,0.00%,0.00%,0.00%,0.00%,0.00%,0.00%,0.00%,0.00%,0.00%,0.00%,0.00%,0.00%,0.00%,,FALSE,98840.34,1,0.00
50.0,FICSMAS Bow,FICSMAS Bow,0.00%,0.00%,0.00%,0.00%,0.00%,0.00%,,0.00%,0.00%,0.00%,0.00%,0.00%,0.00%,0.00%,0.00%,0.00%,0.00%,0.00%,0.00%,0.00%,,FALSE,98840.34,1,0.00
50.0,FICSMAS Decoration,FICSMAS Decoration,0.00%,0.00%,0.00%,0.00%,0.00%,0.00%,,0.00%,0.00%,0.00%,0.00%,0.00%,0.00%,0.00%,0.00%,0.00%,0.00%,0.00%,0.00%,0.00%,,FALSE,98840.34,1,0.00
50.0,FICSMAS Ornament Bundle,FICSMAS Ornament Bundle,0.00%,0.00%,0.00%,0.00%,0.00%,0.00%,,0.00%,0.00%,0.00%,0.00%,0.00%,0.00%,0.00%,0.00%,0.00%,0.00%,0.00%,0.00%,0.00%,,FALSE,98840.34,1,0.00
50.0,FICSMAS Tree Branch,FICSMAS Tree Branch,0.00%,0.00%,0.00%,0.00%,0.00%,0.00%,,0.00%,0.00%,0.00%,0.00%,0.00%,0.00%,0.00%,0.00%,0.00%,0.00%,0.00%,0.00%,0.00%,,FALSE,98840.34,1,0.00
50.0,FICSMAS Wonder Star,FICSMAS Wonder Star,0.00%,0.00%,0.00%,0.00%,0.00%,0.00%,,0.00%,0.00%,0.00%,0.00%,0.00%,0.00%,0.00%,0.00%,0.00%,0.00%,0.00%,0.00%,0.00%,,FALSE,98840.34,1,0.00
50.0,Ficsonium,Ficsonium,0.00%,0.00%,0.00%,0.00%,0.00%,0.00%,,0.00%,0.00%,0.00%,0.00%,0.00%,0.00%,0.00%,0.00%,0.00%,0.00%,0.00%,0.00%,0.00%,,FALSE,98840.34,1,0.00
50.0,Ficsonium Fuel Rod,Ficsonium Fuel Rod,0.00%,0.00%,0.00%,0.00%,0.00%,0.00%,,0.00%,0.00%,0.00%,0.00%,0.00%,0.00%,0.00%,0.00%,0.00%,0.00%,0.00%,0.00%,0.00%,,FALSE,98840.34,1,0.00
53.1,Iron Plate,Alternate: Steel Cast Plate,0.00%,-0.33%,-0.97%,-0.40%,-0.09%,-0.09%,,0.00%,0.00%,0.00%,0.00%,0.53%,0.00%,0.00%,0.00%,0.00%,0.03%,0.00%,-0.64%,-1.37%,,TRUE,98981.22,0.9983122296,-0.13
51.9,Fuel,Fuel,0.52%,-0.03%,0.78%,-0.77%,1.19%,0.28%,,0.01%,-2.39%,0.00%,0.06%,8.81%,0.17%,-96.88%,0.08%,-14.98%,-3.15%,0.38%,-0.28%,1.23%,,FALSE,99846.16,0.9989895993,-0.08
48.9,Fuel,Residual Fuel,0.95%,0.40%,1.86%,-1.00%,1.84%,-0.29%,,0.02%,-2.23%,0.00%,0.10%,5.62%,0.32%,-96.88%,0.15%,-14.78%,-2.93%,0.68%,-0.28%,1.23%,,FALSE,100004.24,1.000571235,0.04
49.2,Fuel,Unpackage Fuel,0.67%,0.94%,1.73%,-0.82%,2.12%,-1.10%,,0.01%,-2.33%,0.00%,0.08%,0.86%,0.23%,-96.88%,0.11%,-14.92%,-0.10%,0.50%,-0.28%,1.23%,,FALSE,99991.04,1.000439165,0.03
53.0,Rocket Fuel,Alternate: Nitro Rocket Fuel,-1.39%,0.03%,-2.35%,2.23%,-3.13%,2.56%,,-0.03%,6.63%,0.00%,-0.15%,-5.23%,-0.46%,3305.00%,-0.23%,60.66%,3.23%,-0.94%,-0.03%,-0.10%,,TRUE,99076.40,0.9983721952,-0.12
50.0,Fused Modular Frame,Fused Modular Frame,0.00%,0.00%,0.00%,0.00%,0.00%,0.00%,,0.00%,0.00%,0.00%,0.00%,0.00%,0.00%,0.00%,0.00%,0.00%,0.00%,0.00%,0.00%,0.00%,,FALSE,100606.10,1,0.00
50.0,Gas Filter,Gas Filter,0.00%,0.00%,0.00%,0.00%,0.00%,0.00%,,0.00%,0.00%,0.00%,0.00%,0.00%,0.00%,0.00%,0.00%,0.00%,0.00%,0.00%,0.00%,0.00%,,FALSE,98840.34,1,0.00
52.9,Copper Sheet,Alternate: Steamed Copper Sheet,0.47%,-0.43%,-2.36%,0.08%,0.18%,-0.20%,,0.01%,0.18%,0.00%,0.04%,0.04%,0.15%,0.35%,0.08%,0.29%,5.76%,0.30%,-2.85%,-2.57%,,TRUE,98840.34,0.9984469778,-0.12
50.0,Heat Sink,Heat Sink,0.00%,0.00%,0.00%,0.00%,0.00%,0.00%,,0.00%,0.00%,0.00%,0.00%,0.00%,0.00%,0.00%,0.00%,0.00%,0.00%,0.00%,0.00%,0.00%,,FALSE,99165.02,1,0.00
52.8,Supercomputer,Alternate: OC Supercomputer,-0.73%,0.95%,-1.76%,0.64%,-2.19%,0.75%,,17.31%,10.12%,0.00%,-0.08%,0.01%,-25.48%,-0.54%,-16.03%,-0.56%,2.63%,-0.47%,-0.15%,-0.07%,,TRUE,100045.38,0.9984929595,-0.11
52.5,Rotor,Alternate: Steel Rotor,0.04%,-0.51%,-0.14%,0.13%,0.03%,0.07%,,-0.45%,0.02%,0.00%,0.00%,0.22%,1.08%,0.05%,0.00%,0.03%,-0.11%,0.06%,0.13%,0.52%,,TRUE,98877.08,0.9986641664,-0.10
50.0,Heavy Modular Frame,Heavy Modular Frame,0.00%,0.00%,0.00%,0.00%,0.00%,0.00%,,0.00%,0.00%,0.00%,0.00%,0.00%,0.00%,0.00%,0.00%,0.00%,0.00%,0.00%,0.00%,0.00%,,FALSE,104051.28,1,0.00
52.2,Caterium Ingot,Alternate: Tempered Caterium Ingot,-0.04%,-0.87%,1.39%,-1.48%,-0.19%,0.67%,,0.00%,-0.02%,0.00%,0.00%,2.18%,52.30%,-0.05%,0.00%,-0.03%,0.09%,-0.06%,-5.95%,-5.38%,,TRUE,98840.34,0.9987948617,-0.09
51.9,Cooling System,Alternate: Cooling Device,0.08%,0.01%,0.24%,-0.23%,0.17%,-0.46%,,0.02%,-6.25%,0.00%,0.01%,-0.16%,0.91%,0.05%,0.59%,0.04%,-0.23%,0.06%,0.02%,0.06%,,TRUE,98840.34,0.9989727313,-0.08
50.0,Heavy Oil Residue,Unpackage Heavy Oil Residue,-0.02%,-0.04%,0.04%,0.07%,0.09%,0.00%,,0.00%,-0.01%,0.00%,0.00%,-0.87%,-0.01%,24.92%,-0.01%,-0.01%,-0.07%,-0.02%,0.20%,-0.80%,,FALSE,98894.88,1,0.00
51.9,Quartz Crystal,Alternate: Pure Quartz Crystal,0.36%,0.27%,-1.21%,0.61%,0.32%,-0.84%,,0.00%,0.15%,0.00%,0.03%,0.03%,0.12%,0.30%,-15.27%,0.22%,5.45%,0.24%,0.00%,0.00%,,TRUE,98840.34,0.9989947423,-0.08
50.0,High-Speed Connector,High-Speed Connector,0.00%,0.00%,0.00%,0.00%,0.00%,0.00%,,0.00%,0.00%,0.00%,0.00%,0.00%,0.00%,0.00%,0.00%,0.00%,0.00%,0.00%,0.00%,0.00%,,FALSE,99219.72,1,0.00
50.0,Iodine-Infused Filter,Iodine-Infused Filter,0.00%,0.00%,0.00%,0.00%,0.00%,0.00%,,0.00%,0.00%,0.00%,0.00%,0.00%,0.00%,0.00%,0.00%,0.00%,0.00%,0.00%,0.00%,0.00%,,FALSE,98840.34,1,0.00
51.8,Electromagnetic Control Rod,Alternate: Electromagnetic Connection Rod,0.01%,-0.21%,-0.36%,-0.01%,-0.15%,0.07%,,0.00%,0.01%,0.00%,0.00%,-1.73%,-3.58%,0.00%,9.09%,0.00%,-0.17%,0.00%,0.17%,-0.16%,,TRUE,98840.34,0.9990591652,-0.07
50.0,Ionized Fuel,Ionized Fuel,0.00%,0.00%,0.00%,0.00%,0.00%,0.00%,,0.00%,0.00%,0.00%,0.00%,0.00%,0.00%,0.00%,0.00%,0.00%,0.00%,0.00%,0.00%,0.00%,,FALSE,98840.34,1,0.00
50.0,Iron FICSMAS Ornament,Iron FICSMAS Ornament,0.00%,0.00%,0.00%,0.00%,0.00%,0.00%,,0.00%,0.00%,0.00%,0.00%,0.00%,0.00%,0.00%,0.00%,0.00%,0.00%,0.00%,0.00%,0.00%,,FALSE,98840.34,1,0.00
51.7,Cable,Alternate: Quickwire Cable,0.04%,-0.50%,-0.25%,-0.08%,0.12%,0.09%,,0.00%,0.02%,0.00%,0.01%,1.06%,-0.54%,0.05%,0.01%,0.03%,-0.02%,0.00%,-0.39%,-0.35%,,TRUE,98944.64,0.9990807353,-0.07
51.7,Wire,Alternate: Caterium Wire,-0.06%,-0.28%,-1.03%,-0.33%,-0.32%,0.31%,,0.00%,-0.03%,0.00%,0.00%,0.28%,13.97%,-0.05%,-0.01%,-0.04%,-0.02%,-0.06%,-1.68%,-1.51%,,TRUE,98923.54,0.9991085911,-0.07
51.6,Stator,Alternate: Quickwire Stator,-0.14%,-0.21%,-0.34%,0.01%,-0.57%,0.49%,,0.00%,-0.05%,0.00%,-0.01%,-0.12%,16.76%,-0.10%,-0.02%,-0.10%,-0.08%,-0.12%,-0.39%,-1.09%,,TRUE,98840.34,0.9991514722,-0.06
51.5,Modular Frame,Alternate: Bolted Frame,-0.39%,1.39%,-1.60%,-0.12%,-1.63%,0.01%,,1.18%,-0.15%,0.00%,-0.04%,-0.44%,-0.12%,-0.29%,-0.06%,-0.24%,0.16%,-0.24%,0.00%,-0.81%,,TRUE,99474.76,0.9992120796,-0.06
50.0,Iron Ingot,Iron Ingot,0.00%,0.00%,0.00%,0.00%,0.00%,0.00%,,0.00%,0.00%,0.00%,0.00%,0.00%,0.00%,0.00%,0.00%,0.00%,0.00%,0.00%,0.00%,0.00%,,FALSE,98855.58,1,0.00
50.0,Iron Ore,Iron Ore (Limestone),0.00%,0.00%,0.00%,0.00%,0.00%,0.00%,,0.00%,0.00%,0.00%,0.00%,0.00%,0.00%,0.00%,0.00%,0.00%,0.00%,0.00%,0.00%,0.00%,,FALSE,98840.34,1,0.00
51.4,Reinforced Iron Plate,Alternate: Bolted Iron Plate,-0.11%,0.25%,-0.44%,0.00%,-0.50%,0.01%,,0.15%,-0.04%,0.00%,-0.01%,0.00%,-0.03%,-0.10%,-0.02%,-0.07%,-0.01%,-0.06%,0.00%,0.00%,,TRUE,99069.78,0.9992338551,-0.06
51.1,Black Powder,Alternate: Fine Black Powder,-0.04%,-0.03%,-0.12%,-0.03%,-0.10%,-0.05%,,0.00%,0.17%,0.00%,0.00%,-0.20%,-0.01%,-6.67%,0.00%,-0.03%,0.13%,-0.06%,0.00%,0.00%,,TRUE,98840.34,0.9993965623,-0.05
50.0,Iron Plate,Iron Plate,0.00%,0.00%,0.00%,0.00%,0.00%,0.00%,,0.00%,0.00%,0.00%,0.00%,0.00%,0.00%,0.00%,0.00%,0.00%,0.00%,0.00%,0.00%,0.00%,,FALSE,99148.56,1,0.00
51.0,Heavy Oil Residue,Alternate: Heavy Oil Residue,0.05%,0.08%,-0.08%,-0.14%,-0.19%,0.00%,,0.00%,0.02%,0.00%,0.01%,1.74%,0.02%,-49.85%,0.01%,0.03%,0.14%,0.04%,-0.39%,1.59%,,TRUE,98840.34,0.9994485053,-0.04
50.8,Versatile Framework,Alternate: Flexible Framework,0.04%,-0.14%,-0.15%,-0.06%,0.01%,-0.01%,,-0.78%,0.02%,0.00%,0.00%,0.69%,0.01%,0.05%,0.01%,0.01%,-0.26%,0.00%,0.00%,0.00%,,TRUE,98840.34,0.9995594834,-0.03
50.0,Iron Rod,Iron Rod,0.00%,0.00%,0.00%,0.00%,0.00%,0.00%,,0.00%,0.00%,0.00%,0.00%,0.00%,0.00%,0.00%,0.00%,0.00%,0.00%,0.00%,0.00%,0.00%,,FALSE,99618.00,1,0.00
50.0,Limestone,Limestone (Sulfur),0.00%,0.00%,0.00%,0.00%,0.00%,0.00%,,0.00%,0.00%,0.00%,0.00%,0.00%,0.00%,0.00%,0.00%,0.00%,0.00%,0.00%,0.00%,0.00%,,FALSE,98840.34,1,0.00
50.0,Liquid Biofuel,Liquid Biofuel,0.00%,0.00%,0.00%,0.00%,0.00%,0.00%,,0.00%,0.00%,0.00%,0.00%,0.00%,0.00%,0.00%,0.00%,0.00%,0.00%,0.00%,0.00%,0.00%,,FALSE,98840.34,1,0.00
50.0,Liquid Biofuel,Unpackage Liquid Biofuel,0.00%,0.00%,0.00%,0.00%,0.00%,0.00%,,0.00%,0.00%,0.00%,0.00%,0.00%,0.00%,0.00%,0.00%,0.00%,0.00%,0.00%,0.00%,0.00%,,FALSE,98840.34,1,0.00
50.0,Magnetic Field Generator,Magnetic Field Generator,0.00%,0.00%,0.00%,0.00%,0.00%,0.00%,,0.00%,0.00%,0.00%,0.00%,0.00%,0.00%,0.00%,0.00%,0.00%,0.00%,0.00%,0.00%,0.00%,,FALSE,98840.34,1,0.00
50.0,Modular Engine,Modular Engine,0.00%,0.00%,0.00%,0.00%,0.00%,0.00%,,0.00%,0.00%,0.00%,0.00%,0.00%,0.00%,0.00%,0.00%,0.00%,0.00%,0.00%,0.00%,0.00%,,FALSE,98840.34,1,0.00
50.7,Turbofuel,Alternate: Turbo Heavy Fuel,-0.31%,-0.20%,-0.44%,-0.21%,-0.40%,0.46%,,-0.01%,0.28%,0.00%,-0.03%,1.85%,-0.10%,8.16%,-0.04%,4.25%,-2.13%,-0.24%,0.00%,-0.01%,,TRUE,98840.34,0.9995993121,-0.03
50.7,Screw,Alternate: Cast Screw,-0.01%,-0.05%,-1.51%,0.65%,-0.23%,0.16%,,0.00%,0.00%,0.00%,0.00%,-0.69%,0.00%,0.00%,0.00%,-0.01%,-0.04%,0.00%,0.97%,2.23%,,TRUE,99657.48,0.9996272618,-0.03
50.0,Modular Frame,Modular Frame,0.00%,0.00%,0.00%,0.00%,0.00%,0.00%,,0.00%,0.00%,0.00%,0.00%,0.00%,0.00%,0.00%,0.00%,0.00%,0.00%,0.00%,0.00%,0.00%,,FALSE,99553.20,1,0.00
50.3,Iron Ingot,Alternate: Iron Alloy Ingot,0.01%,-0.06%,-0.28%,-0.14%,0.03%,-0.02%,,0.00%,0.00%,0.00%,0.00%,0.00%,0.00%,0.00%,0.01%,0.00%,0.00%,0.00%,0.28%,-0.87%,,TRUE,98840.34,0.9998458357,-0.01
50.2,Fabric,Alternate: Polyester Fabric,0.00%,-0.02%,-0.02%,0.01%,-0.02%,0.01%,,0.00%,0.00%,0.00%,0.00%,0.03%,0.00%,0.00%,0.00%,0.00%,0.04%,0.00%,0.00%,0.00%,,TRUE,98840.34,0.9998899356,-0.01
50.0,Motor,Motor,0.00%,0.00%,0.00%,0.00%,0.00%,0.00%,,0.00%,0.00%,0.00%,0.00%,0.00%,0.00%,0.00%,0.00%,0.00%,0.00%,0.00%,0.00%,0.00%,,FALSE,99632.92,1,0.00
50.0,Neural-Quantum Processor,Neural-Quantum Processor,0.00%,0.00%,0.00%,0.00%,0.00%,0.00%,,0.00%,0.00%,0.00%,0.00%,0.00%,0.00%,0.00%,0.00%,0.00%,0.00%,0.00%,0.00%,0.00%,,FALSE,98840.34,1,0.00
99.0,Nitric Acid,Nitric Acid,0.00%,0.00%,0.00%,0.00%,0.00%,0.00%,,0.00%,0.00%,0.00%,0.00%,0.00%,0.00%,0.00%,0.00%,0.00%,0.00%,0.00%,0.00%,0.00%,,FALSE,98840.34,0.9384696806,-4.60
1.0,Nitric Acid,Unpackage Nitric Acid,-5.69%,15.26%,41.17%,13.49%,-1.97%,25.26%,,33.95%,-4.06%,69.66%,-3.49%,-20.15%,78.89%,1778.86%,-9.27%,34.62%,-13.08%,-3.97%,104.30%,-87.62%,,FALSE,111801.18,1.061530319,4.60
50.0,Nitrogen Gas,Nitrogen Gas (Bauxite),0.00%,0.00%,0.00%,0.00%,0.00%,0.00%,,0.00%,0.00%,0.00%,0.00%,0.00%,0.00%,0.00%,0.00%,0.00%,0.00%,0.00%,0.00%,0.00%,,FALSE,98840.34,1,0.00
50.0,Nitrogen Gas,Nitrogen Gas (Caterium),0.00%,0.00%,0.00%,0.00%,0.00%,0.00%,,0.00%,0.00%,0.00%,0.00%,0.00%,0.00%,0.00%,0.00%,0.00%,0.00%,0.00%,0.00%,0.00%,,FALSE,98840.34,1,0.00
50.0,Nitrogen Gas,Unpackage Nitrogen Gas,0.00%,0.00%,0.00%,0.00%,0.00%,0.00%,,0.00%,0.00%,0.00%,0.00%,0.00%,0.00%,0.00%,0.00%,0.00%,0.00%,0.00%,0.00%,0.00%,,FALSE,98840.34,1,0.00
50.1,Polymer Resin,Alternate: Polymer Resin,0.00%,-0.01%,-0.01%,0.01%,-0.01%,0.01%,,0.00%,0.00%,0.00%,0.00%,0.04%,0.00%,-0.21%,0.00%,0.00%,0.04%,0.04%,0.00%,0.01%,,TRUE,98890.42,0.9999549016,0.00
50.0,Non-Fissile Uranium,Non-Fissile Uranium,0.00%,0.00%,0.00%,0.00%,0.00%,0.00%,,0.00%,0.00%,0.00%,0.00%,0.00%,0.00%,0.00%,0.00%,0.00%,0.00%,0.00%,0.00%,0.00%,,FALSE,98840.34,1,0.00
50.0,Nuclear Pasta,Nuclear Pasta,0.00%,0.00%,0.00%,0.00%,0.00%,0.00%,,0.00%,0.00%,0.00%,0.00%,0.00%,0.00%,0.00%,0.00%,0.00%,0.00%,0.00%,0.00%,0.00%,,FALSE,98840.34,1,0.00
50.0,Packaged Alumina Solution,Packaged Alumina Solution,0.00%,0.00%,0.00%,0.00%,0.00%,0.00%,,0.00%,0.00%,0.00%,0.00%,0.00%,0.00%,0.00%,0.00%,0.00%,0.00%,0.00%,0.00%,0.00%,,FALSE,98840.34,1,0.00
50.0,Coal,Alternate: Biocoal,0.00%,0.00%,0.00%,0.00%,0.00%,0.00%,,0.00%,0.00%,0.00%,0.00%,0.00%,0.00%,0.00%,0.00%,0.00%,0.00%,0.00%,0.00%,0.00%,,TRUE,98840.34,1,0.00
50.0,Packaged Fuel,Packaged Fuel,0.00%,0.00%,0.00%,0.00%,0.00%,0.00%,,0.00%,0.00%,0.00%,0.00%,0.00%,0.00%,0.00%,0.00%,0.00%,0.00%,0.00%,0.00%,0.00%,,FALSE,98840.34,1,0.00
50.0,Packaged Heavy Oil Residue,Packaged Heavy Oil Residue,0.00%,0.00%,0.00%,0.00%,0.00%,0.00%,,0.00%,0.00%,0.00%,0.00%,0.00%,0.00%,0.00%,0.00%,0.00%,0.00%,0.00%,0.00%,0.00%,,FALSE,98840.34,1,0.00
50.0,Packaged Ionized Fuel,Packaged Ionized Fuel,0.00%,0.00%,0.00%,0.00%,0.00%,0.00%,,0.00%,0.00%,0.00%,0.00%,0.00%,0.00%,0.00%,0.00%,0.00%,0.00%,0.00%,0.00%,0.00%,,FALSE,98840.34,1,0.00
50.0,Packaged Liquid Biofuel,Packaged Liquid Biofuel,0.00%,0.00%,0.00%,0.00%,0.00%,0.00%,,0.00%,0.00%,0.00%,0.00%,0.00%,0.00%,0.00%,0.00%,0.00%,0.00%,0.00%,0.00%,0.00%,,FALSE,98840.34,1,0.00
50.0,Packaged Nitric Acid,Packaged Nitric Acid,0.00%,0.00%,0.00%,0.00%,0.00%,0.00%,,0.00%,0.00%,0.00%,0.00%,0.00%,0.00%,0.00%,0.00%,0.00%,0.00%,0.00%,0.00%,0.00%,,FALSE,98840.34,1,0.00
50.0,Packaged Nitrogen Gas,Packaged Nitrogen Gas,0.00%,0.00%,0.00%,0.00%,0.00%,0.00%,,0.00%,0.00%,0.00%,0.00%,0.00%,0.00%,0.00%,0.00%,0.00%,0.00%,0.00%,0.00%,0.00%,,FALSE,98840.34,1,0.00
50.0,Packaged Oil,Packaged Oil,0.00%,0.00%,0.00%,0.00%,0.00%,0.00%,,0.00%,0.00%,0.00%,0.00%,0.00%,0.00%,0.00%,0.00%,0.00%,0.00%,0.00%,0.00%,0.00%,,FALSE,98840.34,1,0.00
50.0,Packaged Rocket Fuel,Packaged Rocket Fuel,0.00%,0.00%,0.00%,0.00%,0.00%,0.00%,,0.00%,0.00%,0.00%,0.00%,0.00%,0.00%,0.00%,0.00%,0.00%,0.00%,0.00%,0.00%,0.00%,,FALSE,98840.34,1,0.00
50.0,Packaged Sulfuric Acid,Packaged Sulfuric Acid,0.00%,0.00%,0.00%,0.00%,0.00%,0.00%,,0.00%,0.00%,0.00%,0.00%,0.00%,0.00%,0.00%,0.00%,0.00%,0.00%,0.00%,0.00%,0.00%,,FALSE,98840.34,1,0.00
50.0,Packaged Turbofuel,Packaged Turbofuel,0.00%,0.00%,0.00%,0.00%,0.00%,0.00%,,0.00%,0.00%,0.00%,0.00%,0.00%,0.00%,0.00%,0.00%,0.00%,0.00%,0.00%,0.00%,0.00%,,FALSE,98840.34,1,0.00
50.0,Packaged Water,Packaged Water,0.00%,0.00%,0.00%,0.00%,0.00%,0.00%,,0.00%,0.00%,0.00%,0.00%,0.00%,0.00%,0.00%,0.00%,0.00%,0.00%,0.00%,0.00%,0.00%,,FALSE,98840.34,1,0.00
50.0,Petroleum Coke,Petroleum Coke,0.00%,0.00%,0.00%,0.00%,0.00%,0.00%,,0.00%,0.00%,0.00%,0.00%,0.00%,0.00%,0.00%,0.00%,0.00%,0.00%,0.00%,0.00%,0.00%,,FALSE,98840.34,1,0.00
50.0,Coal,Alternate: Charcoal,0.00%,0.00%,0.00%,0.00%,0.00%,0.00%,,0.00%,0.00%,0.00%,0.00%,0.00%,0.00%,0.00%,0.00%,0.00%,0.00%,0.00%,0.00%,0.00%,,TRUE,98840.34,1,0.00
54.2,Plastic,Plastic,0.00%,0.00%,0.00%,0.00%,0.00%,0.00%,,0.00%,0.00%,0.00%,0.00%,0.00%,0.00%,0.00%,0.00%,0.00%,0.00%,0.00%,0.00%,0.00%,,FALSE,98959.24,0.9977448736,-0.17
45.8,Plastic,Residual Plastic,0.32%,1.17%,0.70%,0.58%,0.61%,-0.37%,,0.00%,0.12%,0.00%,0.03%,-3.38%,0.27%,0.25%,0.05%,0.20%,2.81%,0.24%,0.02%,1.00%,,FALSE,99406.58,1.002255126,0.17
50.0,Dissolved Silica,Alternate: Quartz Purification,0.00%,0.00%,0.00%,0.00%,0.00%,0.00%,,0.00%,0.00%,0.00%,0.00%,0.00%,0.00%,0.00%,0.00%,0.00%,0.00%,0.00%,0.00%,0.00%,,TRUE,98840.34,1,0.00
50.0,Plutonium Fuel Rod,Plutonium Fuel Rod,0.00%,0.00%,0.00%,0.00%,0.00%,0.00%,,0.00%,0.00%,0.00%,0.00%,0.00%,0.00%,0.00%,0.00%,0.00%,0.00%,0.00%,0.00%,0.00%,,FALSE,98840.34,1,0.00
50.0,Plutonium Pellet,Plutonium Pellet,0.00%,0.00%,0.00%,0.00%,0.00%,0.00%,,0.00%,0.00%,0.00%,0.00%,0.00%,0.00%,0.00%,0.00%,0.00%,0.00%,0.00%,0.00%,0.00%,,FALSE,98840.34,1,0.00
50.0,Plutonium Waste,Nuclear Power Plant (Plutonium Fuel Rod),0.00%,0.00%,0.00%,0.00%,0.00%,0.00%,,0.00%,0.00%,0.00%,0.00%,0.00%,0.00%,0.00%,0.00%,0.00%,0.00%,0.00%,0.00%,0.00%,,FALSE,98840.34,1,0.00
50.0,Heavy Oil Residue,Alternate: Polymer Resin,-0.02%,-0.04%,0.04%,0.07%,0.09%,0.00%,,0.00%,-0.01%,0.00%,0.00%,-0.87%,-0.01%,24.92%,-0.01%,-0.01%,-0.07%,-0.02%,0.20%,-0.80%,,TRUE,98894.88,1,0.00
50.0,Packaged Fuel,Alternate: Diluted Packaged Fuel,0.00%,0.00%,0.00%,0.00%,0.00%,0.00%,,0.00%,0.00%,0.00%,0.00%,0.00%,0.00%,0.00%,0.00%,0.00%,0.00%,0.00%,0.00%,0.00%,,TRUE,98840.34,1,0.00
50.0,Polymer Resin,Fuel,0.00%,0.01%,0.00%,-0.01%,0.00%,0.00%,,0.00%,0.00%,0.00%,0.00%,-0.02%,0.00%,0.11%,0.00%,0.00%,-0.02%,-0.02%,0.00%,0.00%,,FALSE,98894.88,1,0.00
47.9,Power (Fuel),Fuel-Powered Generator (Fuel),-1.95%,0.65%,-0.47%,4.59%,-1.05%,0.70%,,-0.04%,-10.95%,0.00%,-0.27%,12.15%,-0.70%,-49.71%,-8.51%,-32.76%,19.12%,-1.40%,-0.01%,-0.22%,,FALSE,104279.60,1.00111394,0.08
4.6,Power (Fuel),Fuel-Powered Generator (Ionized Fuel),15.49%,-1.16%,3.25%,2.87%,5.86%,7.48%,,0.33%,16.30%,0.00%,1.70%,13.83%,5.28%,41.86%,34.88%,1.58%,-2.25%,11.11%,0.04%,-0.07%,,FALSE,108385.86,1.040535209,3.03
28.6,Power (Fuel),Fuel-Powered Generator (Liquid Biofuel),-4.52%,11.27%,4.73%,-1.16%,-1.04%,-6.56%,,-0.09%,-11.42%,0.00%,-0.32%,-18.25%,-1.42%,-49.71%,-8.57%,-33.44%,7.45%,-3.22%,0.00%,0.76%,,FALSE,105441.84,1.012271776,0.92
97.8,Power (Fuel),Fuel-Powered Generator (Rocket Fuel),-6.04%,-6.97%,-6.02%,-4.18%,-5.65%,-2.74%,,-0.13%,16.61%,0.00%,-0.72%,-12.03%,-2.10%,88.25%,-9.14%,11.08%,-13.66%,-4.35%,-0.02%,-0.23%,,FALSE,98840.34,0.948895491,-3.82
55.2,Power (Fuel),Fuel-Powered Generator (Turbofuel),-2.98%,-3.79%,-1.48%,-2.12%,1.87%,1.12%,,-0.06%,-10.53%,0.00%,-0.38%,4.29%,-1.06%,-30.69%,-8.67%,53.54%,-10.67%,-2.14%,-0.02%,-0.24%,,FALSE,103870.20,0.9971835834,-0.21
50.0,Power (Nuclear),Nuclear Power Plant (Uranium Fuel Rod),0.00%,0.00%,0.00%,0.00%,0.00%,0.00%,,0.00%,0.00%,0.00%,0.00%,0.00%,0.00%,0.00%,0.00%,0.00%,0.00%,0.00%,0.00%,0.00%,,FALSE,98840.34,1,0.00
50.0,Power (Other),Biomass Burner (Biomass),0.00%,0.00%,0.00%,0.00%,0.00%,0.00%,,0.00%,0.00%,0.00%,0.00%,0.00%,0.00%,0.00%,0.00%,0.00%,0.00%,0.00%,0.00%,0.00%,,FALSE,98840.34,1,0.00
50.0,Power (Other),Biomass Burner (Leaves),0.00%,0.00%,0.00%,0.00%,0.00%,0.00%,,0.00%,0.00%,0.00%,0.00%,0.00%,0.00%,0.00%,0.00%,0.00%,0.00%,0.00%,0.00%,0.00%,,FALSE,98840.34,1,0.00
50.0,Power (Other),Biomass Burner (Mycelia),0.00%,0.00%,0.00%,0.00%,0.00%,0.00%,,0.00%,0.00%,0.00%,0.00%,0.00%,0.00%,0.00%,0.00%,0.00%,0.00%,0.00%,0.00%,0.00%,,FALSE,98840.34,1,0.00
50.0,Power (Other),Biomass Burner (Packaged Liquid Biofuel),0.00%,0.00%,0.00%,0.00%,0.00%,0.00%,,0.00%,0.00%,0.00%,0.00%,0.00%,0.00%,0.00%,0.00%,0.00%,0.00%,0.00%,0.00%,0.00%,,FALSE,98840.34,1,0.00
50.0,Power (Other),Biomass Burner (Solid Biofuel),0.00%,0.00%,0.00%,0.00%,0.00%,0.00%,,0.00%,0.00%,0.00%,0.00%,0.00%,0.00%,0.00%,0.00%,0.00%,0.00%,0.00%,0.00%,0.00%,,FALSE,98840.34,1,0.00
50.0,Power (Other),Biomass Burner (Wood),0.00%,0.00%,0.00%,0.00%,0.00%,0.00%,,0.00%,0.00%,0.00%,0.00%,0.00%,0.00%,0.00%,0.00%,0.00%,0.00%,0.00%,0.00%,0.00%,,FALSE,98840.34,1,0.00
50.0,Power (Other),Coal-Powered Generator (Coal),0.00%,0.00%,0.00%,0.00%,0.00%,0.00%,,0.00%,0.00%,0.00%,0.00%,0.00%,0.00%,0.00%,0.00%,0.00%,0.00%,0.00%,0.00%,0.00%,,FALSE,98840.34,1,0.00
50.0,Power (Other),Coal-Powered Generator (Compacted Coal),0.00%,0.00%,0.00%,0.00%,0.00%,0.00%,,0.00%,0.00%,0.00%,0.00%,0.00%,0.00%,0.00%,0.00%,0.00%,0.00%,0.00%,0.00%,0.00%,,FALSE,98840.34,1,0.00
50.0,Power (Other),Coal-Powered Generator (Petroleum Coke),0.00%,0.00%,0.00%,0.00%,0.00%,0.00%,,0.00%,0.00%,0.00%,0.00%,0.00%,0.00%,0.00%,0.00%,0.00%,0.00%,0.00%,0.00%,0.00%,,FALSE,98840.34,1,0.00
50.0,Power Shard,Synthetic Power Shard,0.00%,0.00%,0.00%,0.00%,0.00%,0.00%,,0.00%,0.00%,0.00%,0.00%,0.00%,0.00%,0.00%,0.00%,0.00%,0.00%,0.00%,0.00%,0.00%,,FALSE,98840.34,1,0.00
50.0,Pressure Conversion Cube,Pressure Conversion Cube,0.00%,0.00%,0.00%,0.00%,0.00%,0.00%,,0.00%,0.00%,0.00%,0.00%,0.00%,0.00%,0.00%,0.00%,0.00%,0.00%,0.00%,0.00%,0.00%,,FALSE,98840.34,1,0.00
50.0,Polymer Resin,Alternate: Heavy Oil Residue,0.00%,0.01%,0.00%,-0.01%,0.00%,0.00%,,0.00%,0.00%,0.00%,0.00%,-0.02%,0.00%,0.11%,0.00%,0.00%,-0.02%,-0.02%,0.00%,0.00%,,TRUE,98894.88,1,0.00
49.7,Iron Ingot,Alternate: Pure Iron Ingot,0.06%,-0.02%,-0.23%,-0.05%,0.07%,-0.01%,,0.00%,0.03%,0.00%,0.01%,0.00%,0.02%,0.05%,0.02%,0.04%,0.60%,0.06%,0.00%,-0.86%,,TRUE,98870.12,1.000147083,0.01
49.7,Iron Ingot,Alternate: Leached Iron ingot,0.04%,-0.03%,-0.29%,-0.12%,0.02%,0.06%,,0.00%,0.01%,0.00%,0.00%,0.00%,0.01%,0.00%,0.01%,1.97%,0.20%,0.06%,0.00%,-0.93%,,TRUE,98873.10,1.000177228,0.01
50.0,Quartz Crystal,Quartz Crystal,0.00%,0.00%,0.00%,0.00%,0.00%,0.00%,,0.00%,0.00%,0.00%,0.00%,0.00%,0.00%,0.00%,0.00%,0.00%,0.00%,0.00%,0.00%,0.00%,,FALSE,98939.80,1,0.00
49.5,Wire,Alternate: Iron Wire,0.04%,-0.04%,0.61%,-0.17%,0.28%,-0.15%,,0.00%,0.02%,0.00%,0.01%,0.00%,0.01%,0.05%,0.01%,0.03%,0.02%,0.00%,-1.18%,0.28%,,TRUE,99037.92,1.000263807,0.02
50.0,Quickwire,Quickwire,0.00%,0.00%,0.00%,0.00%,0.00%,0.00%,,0.00%,0.00%,0.00%,0.00%,0.00%,0.00%,0.00%,0.00%,0.00%,0.00%,0.00%,0.00%,0.00%,,FALSE,98840.34,1,0.00
49.4,Empty Canister,Alternate: Coated Iron Canister,0.01%,0.06%,0.06%,0.06%,0.16%,-0.11%,,0.00%,0.01%,0.00%,0.00%,-0.90%,0.00%,0.00%,0.00%,0.01%,0.05%,0.00%,0.23%,0.34%,,TRUE,98874.10,1.000341561,0.03
49.3,Battery,Alternate: Classic Battery,0.03%,0.19%,0.54%,-0.45%,0.39%,-0.44%,,-2.93%,0.01%,0.00%,0.00%,2.09%,1.18%,0.00%,0.00%,-6.86%,-1.92%,0.06%,0.36%,0.33%,,TRUE,98878.56,1.000386684,0.03
50.0,Radio Control Unit,Radio Control Unit,0.00%,0.00%,0.00%,0.00%,0.00%,0.00%,,0.00%,0.00%,0.00%,0.00%,0.00%,0.00%,0.00%,0.00%,0.00%,0.00%,0.00%,0.00%,0.00%,,FALSE,99218.20,1,0.00
50.0,Raw Quartz,Raw Quartz (Bauxite),0.00%,0.00%,0.00%,0.00%,0.00%,0.00%,,0.00%,0.00%,0.00%,0.00%,0.00%,0.00%,0.00%,0.00%,0.00%,0.00%,0.00%,0.00%,0.00%,,FALSE,98840.34,1,0.00
50.0,Raw Quartz,Raw Quartz (Coal),0.00%,0.00%,0.00%,0.00%,0.00%,0.00%,,0.00%,0.00%,0.00%,0.00%,0.00%,0.00%,0.00%,0.00%,0.00%,0.00%,0.00%,0.00%,0.00%,,FALSE,98840.34,1,0.00
50.0,Reanimated SAM,Reanimated SAM,0.00%,0.00%,0.00%,0.00%,0.00%,0.00%,,0.00%,0.00%,0.00%,0.00%,0.00%,0.00%,0.00%,0.00%,0.00%,0.00%,0.00%,0.00%,0.00%,,FALSE,98840.34,1,0.00
50.0,Red FICSMAS Ornament,Red FICSMAS Ornament,0.00%,0.00%,0.00%,0.00%,0.00%,0.00%,,0.00%,0.00%,0.00%,0.00%,0.00%,0.00%,0.00%,0.00%,0.00%,0.00%,0.00%,0.00%,0.00%,,FALSE,98840.34,1,0.00
49.1,Empty Canister,Alternate: Steel Canister,-0.01%,0.17%,0.11%,0.12%,0.01%,-0.04%,,0.00%,-0.01%,0.00%,0.00%,-0.45%,0.00%,0.00%,-0.01%,0.00%,-0.29%,0.00%,0.00%,0.98%,,TRUE,98885.74,1.000459327,0.03
49.0,Quickwire,Alternate: Fused Quickwire,0.22%,0.93%,-1.53%,1.07%,0.77%,-1.47%,,0.00%,0.09%,0.00%,0.02%,-1.18%,-56.20%,0.15%,0.04%,0.15%,0.05%,0.18%,6.33%,5.69%,,TRUE,98891.24,1.000514972,0.04
49.0,Silica,Alternate: Cheap Silica,0.30%,0.53%,-0.47%,1.25%,0.78%,-0.09%,,0.01%,0.11%,0.00%,58.88%,0.02%,0.09%,0.20%,-11.09%,0.19%,0.15%,0.24%,0.00%,0.00%,,TRUE,99233.82,1.000557076,0.04
50.0,Reinforced Iron Plate,Reinforced Iron Plate,0.00%,0.00%,0.00%,0.00%,0.00%,0.00%,,0.00%,0.00%,0.00%,0.00%,0.00%,0.00%,0.00%,0.00%,0.00%,0.00%,0.00%,0.00%,0.00%,,FALSE,99145.74,1,0.00
48.5,Steel Beam,Alternate: Molded Beam,0.02%,0.03%,-0.34%,0.24%,0.04%,0.17%,,0.00%,0.01%,0.00%,18.76%,0.30%,0.01%,0.05%,0.01%,0.01%,-0.06%,0.00%,0.00%,-0.94%,,TRUE,99604.46,1.000800202,0.06
50.0,Rocket Fuel,Rocket Fuel,0.00%,0.00%,0.00%,0.00%,0.00%,0.00%,,0.00%,0.00%,0.00%,0.00%,0.00%,0.00%,0.00%,0.00%,0.00%,0.00%,0.00%,0.00%,0.00%,,FALSE,99237.94,1,0.00
48.5,Aluminum Casing,Alternate: Alclad Casing,0.10%,0.15%,-0.53%,0.58%,0.27%,-0.16%,,-4.04%,0.03%,0.00%,0.01%,-0.29%,0.03%,0.05%,0.01%,0.07%,-1.24%,0.06%,2.88%,2.59%,,TRUE,98921.78,1.000823955,0.06
48.3,Iron Ingot,Alternate: Basic Iron Ingot,0.05%,0.06%,-0.17%,0.14%,0.13%,0.08%,,0.00%,0.02%,0.00%,12.77%,0.00%,0.01%,0.05%,0.01%,0.03%,0.03%,0.06%,0.00%,-0.93%,,TRUE,98943.64,1.000890794,0.07
50.0,Rotor,Rotor,0.00%,0.00%,0.00%,0.00%,0.00%,0.00%,,0.00%,0.00%,0.00%,0.00%,0.00%,0.00%,0.00%,0.00%,0.00%,0.00%,0.00%,0.00%,0.00%,,FALSE,99009.34,1,0.00
48.2,Silica,Alternate: Distilled Silica,0.24%,0.72%,-0.85%,0.25%,0.81%,-0.18%,,0.00%,14.83%,0.00%,12.02%,1.81%,3.80%,0.15%,-30.03%,0.15%,0.66%,0.18%,-0.16%,0.21%,,TRUE,99274.82,1.000970472,0.07
31.7,Rubber,Residual Rubber,1.67%,1.88%,3.80%,2.64%,3.91%,0.55%,,-5.08%,0.65%,0.00%,8.20%,-10.32%,13.92%,1.23%,26.09%,1.05%,10.03%,1.18%,-0.40%,0.66%,,FALSE,100894.96,1.010286714,0.77
68.3,Rubber,Rubber,0.00%,0.00%,0.00%,0.00%,0.00%,0.00%,,0.00%,0.00%,0.00%,0.00%,0.00%,0.00%,0.00%,0.00%,0.00%,0.00%,0.00%,0.00%,0.00%,,FALSE,98840.34,0.9897132855,-0.77
50.0,SAM Fluctuator,SAM Fluctuator,0.00%,0.00%,0.00%,0.00%,0.00%,0.00%,,0.00%,0.00%,0.00%,0.00%,0.00%,0.00%,0.00%,0.00%,0.00%,0.00%,0.00%,0.00%,0.00%,,FALSE,98840.34,1,0.00
48.1,Quartz Crystal,Alternate: Fused Quartz Crystal,0.15%,0.28%,-1.29%,0.66%,0.23%,-0.18%,,0.00%,0.06%,0.00%,0.01%,0.01%,0.05%,177.51%,-11.15%,0.10%,0.08%,0.12%,0.00%,0.00%,,TRUE,99043.12,1.001044271,0.08
46.5,Steel Pipe,Alternate: Molded Steel Pipe,0.10%,0.00%,-1.55%,0.49%,0.24%,0.31%,,0.00%,0.03%,0.00%,39.40%,0.36%,0.08%,0.05%,0.01%,0.07%,-0.07%,0.12%,0.01%,-2.59%,,TRUE,99024.14,1.001859565,0.14
50.0,Screw,Screw,0.00%,0.00%,0.00%,0.00%,0.00%,0.00%,,0.00%,0.00%,0.00%,0.00%,0.00%,0.00%,0.00%,0.00%,0.00%,0.00%,0.00%,0.00%,0.00%,,FALSE,99694.64,1,0.00
46.4,Caterium Ingot,Alternate: Leached Caterium Ingot,0.31%,0.27%,-0.34%,0.15%,0.48%,-0.16%,,0.01%,0.12%,0.00%,0.03%,0.02%,-49.96%,0.20%,0.05%,21.65%,2.20%,0.24%,0.01%,0.01%,,TRUE,99148.80,1.001911891,0.14
46.1,Turbofuel,Alternate: Turbo Blend Fuel,-0.53%,-0.02%,-1.13%,0.60%,-0.88%,1.46%,,-0.01%,2.01%,0.00%,-0.06%,-0.19%,-0.17%,45.26%,-0.08%,24.15%,-0.82%,-0.35%,-0.01%,-0.03%,,TRUE,99084.26,1.002066142,0.15
43.7,Silica,Alumina Solution,0.11%,0.68%,0.46%,0.04%,0.91%,0.47%,,4.11%,0.04%,0.00%,0.01%,6.67%,33.32%,0.05%,-38.95%,0.07%,2.54%,0.12%,-2.56%,-1.99%,,FALSE,99516.80,1.003410313,0.25
56.3,Silica,Silica,0.00%,0.00%,0.00%,0.00%,0.00%,0.00%,,0.00%,0.00%,0.00%,0.00%,0.00%,0.00%,0.00%,0.00%,0.00%,0.00%,0.00%,0.00%,0.00%,,FALSE,98840.34,0.9965896867,-0.25
50.0,Singularity Cell,Singularity Cell,0.00%,0.00%,0.00%,0.00%,0.00%,0.00%,,0.00%,0.00%,0.00%,0.00%,0.00%,0.00%,0.00%,0.00%,0.00%,0.00%,0.00%,0.00%,0.00%,,FALSE,98840.34,1,0.00
45.3,Circuit Board,Alternate: Electrode Circuit Board,-0.20%,-0.24%,0.23%,-1.05%,-0.20%,1.15%,,0.00%,-0.08%,0.00%,-0.02%,9.25%,-0.06%,-0.15%,-0.02%,-0.12%,-5.46%,-0.18%,-1.55%,-1.39%,,TRUE,100998.34,1.002514069,0.19
50.0,Smart Plating,Smart Plating,0.00%,0.00%,0.00%,0.00%,0.00%,0.00%,,0.00%,0.00%,0.00%,0.00%,0.00%,0.00%,0.00%,0.00%,0.00%,0.00%,0.00%,0.00%,0.00%,,FALSE,99009.48,1,0.00
50.0,Smokeless Powder,Smokeless Powder,0.00%,0.00%,0.00%,0.00%,0.00%,0.00%,,0.00%,0.00%,0.00%,0.00%,0.00%,0.00%,0.00%,0.00%,0.00%,0.00%,0.00%,0.00%,0.00%,,FALSE,98840.34,1,0.00
50.0,Solid Biofuel,Solid Biofuel,0.00%,0.00%,0.00%,0.00%,0.00%,0.00%,,0.00%,0.00%,0.00%,0.00%,0.00%,0.00%,0.00%,0.00%,0.00%,0.00%,0.00%,0.00%,0.00%,,FALSE,98840.34,1,0.00
44.1,Caterium Ingot,Alternate: Pure Caterium Ingot,0.68%,0.32%,0.47%,0.68%,1.28%,-0.59%,,0.02%,0.27%,0.00%,0.08%,0.06%,-33.19%,0.49%,0.11%,0.44%,5.26%,0.47%,0.02%,0.02%,,TRUE,99275.88,1.003196052,0.24
50.0,Stator,Stator,0.00%,0.00%,0.00%,0.00%,0.00%,0.00%,,0.00%,0.00%,0.00%,0.00%,0.00%,0.00%,0.00%,0.00%,0.00%,0.00%,0.00%,0.00%,0.00%,,FALSE,98924.28,1,0.00
42.6,Encased Industrial Beam,Alternate: Encased Industrial Pipe,0.43%,0.60%,1.83%,0.24%,1.25%,-0.60%,,-7.77%,0.16%,0.00%,-7.83%,2.24%,0.14%,0.30%,0.06%,0.27%,-2.09%,0.30%,0.00%,5.61%,,TRUE,99233.28,1.003975502,0.30
42.1,Rubber,Alternate: Recycled Rubber,0.96%,2.06%,2.81%,1.41%,2.23%,0.20%,,0.81%,0.37%,0.00%,8.11%,-7.30%,0.47%,0.69%,12.95%,0.60%,5.52%,0.71%,0.02%,0.02%,,TRUE,100293.94,1.004268549,0.32
50.0,Steel Beam,Steel Beam,0.00%,0.00%,0.00%,0.00%,0.00%,0.00%,,0.00%,0.00%,0.00%,0.00%,0.00%,0.00%,0.00%,0.00%,0.00%,0.00%,0.00%,0.00%,0.00%,,FALSE,99524.82,1,0.00
38.0,Steel Ingot,Alternate: Compacted Steel Ingot,0.15%,1.58%,0.48%,-0.85%,0.75%,-0.31%,,3.51%,0.06%,0.00%,-0.51%,0.65%,0.05%,-82.26%,-0.80%,0.10%,1.19%,0.12%,4.11%,2.35%,,TRUE,99973.56,1.006559469,0.49
37.2,Quartz Crystal,Alternate: Quartz Purification,0.73%,1.13%,-2.74%,1.04%,1.38%,-0.33%,,0.01%,25.00%,0.00%,15.33%,0.11%,0.23%,0.54%,-35.62%,0.45%,5.12%,0.53%,0.02%,0.09%,,TRUE,99635.52,1.007031751,0.53
36.4,Plutonium Fuel Rod,Alternate: Plutonium Fuel Unit,0.19%,0.95%,0.74%,0.91%,0.33%,0.96%,,3.43%,3.03%,0.00%,3.67%,0.87%,-3.91%,0.15%,0.00%,0.12%,1.67%,0.18%,0.09%,0.31%,,TRUE,99579.64,1.00747974,0.56
50.0,Steel Ingot,Steel Ingot,0.00%,0.00%,0.00%,0.00%,0.00%,0.00%,,0.00%,0.00%,0.00%,0.00%,0.00%,0.00%,0.00%,0.00%,0.00%,0.00%,0.00%,0.00%,0.00%,,FALSE,99322.06,1,0.00
35.8,Diamonds,Alternate: Pink Diamonds,0.27%,-0.88%,2.31%,-4.14%,2.80%,0.53%,,0.00%,0.11%,0.00%,0.02%,0.04%,0.09%,-57.71%,88.51%,0.17%,7.29%,0.23%,0.00%,0.00%,,TRUE,102287.46,1.00781661,0.58
34.9,Encased Plutonium Cell,Alternate: Instant Plutonium Cell,1.04%,0.62%,0.53%,0.56%,0.82%,1.06%,,1.94%,5.36%,0.00%,-10.63%,-0.17%,1.18%,0.74%,1.75%,2.61%,1.56%,0.77%,0.01%,0.05%,,TRUE,99665.52,1.008348616,0.62
50.0,Steel Pipe,Steel Pipe,0.00%,0.00%,0.00%,0.00%,0.00%,0.00%,,0.00%,0.00%,0.00%,0.00%,0.00%,0.00%,0.00%,0.00%,0.00%,0.00%,0.00%,0.00%,0.00%,,FALSE,98840.34,1,0.00
50.0,Sulfur,Sulfur (Coal),0.00%,0.00%,0.00%,0.00%,0.00%,0.00%,,0.00%,0.00%,0.00%,0.00%,0.00%,0.00%,0.00%,0.00%,0.00%,0.00%,0.00%,0.00%,0.00%,,FALSE,98840.34,1,0.00
50.0,Sulfur,Sulfur (Iron),0.00%,0.00%,0.00%,0.00%,0.00%,0.00%,,0.00%,0.00%,0.00%,0.00%,0.00%,0.00%,0.00%,0.00%,0.00%,0.00%,0.00%,0.00%,0.00%,,FALSE,98840.34,1,0.00
6.6,Sulfuric Acid,Encased Uranium Cell,-6.06%,12.19%,39.71%,10.47%,-2.14%,23.56%,,13.37%,4.27%,69.66%,-3.49%,-7.70%,85.31%,1538.64%,-9.30%,27.49%,-19.94%,-4.26%,104.73%,-87.38%,,FALSE,110170.46,1.035497447,2.65
99.5,Sulfuric Acid,Sulfuric Acid,0.00%,0.00%,0.00%,0.00%,0.00%,0.00%,,0.00%,0.00%,0.00%,0.00%,0.00%,0.00%,0.00%,0.00%,0.00%,0.00%,0.00%,0.00%,0.00%,,FALSE,98840.34,0.9290051051,-5.30
6.6,Sulfuric Acid,Unpackage Sulfuric Acid,-6.06%,12.19%,39.71%,10.47%,-2.14%,23.56%,,13.37%,4.27%,69.66%,-3.49%,-7.70%,85.31%,1538.64%,-9.30%,27.49%,-19.94%,-4.26%,104.73%,-87.38%,,FALSE,110170.46,1.035497447,2.65
33.0,Steel Pipe,Alternate: Iron Pipe,0.24%,1.46%,0.60%,2.02%,1.23%,0.18%,,0.00%,0.09%,0.00%,0.02%,-5.04%,0.22%,0.15%,0.04%,0.15%,0.00%,0.18%,4.13%,7.01%,,TRUE,99774.50,1.009451202,0.71
23.1,Aluminum Scrap,Alternate: Instant Scrap,1.48%,-2.71%,1.04%,-0.73%,5.16%,2.45%,,-17.53%,0.58%,0.00%,-7.05%,4.40%,0.50%,-7.84%,-3.88%,98.38%,-12.15%,1.01%,2.89%,4.93%,,TRUE,101655.76,1.016127575,1.20
50.0,Supercomputer,Supercomputer,0.00%,0.00%,0.00%,0.00%,0.00%,0.00%,,0.00%,0.00%,0.00%,0.00%,0.00%,0.00%,0.00%,0.00%,0.00%,0.00%,0.00%,0.00%,0.00%,,FALSE,100196.38,1,0.00
50.0,Superposition Oscillator,Superposition Oscillator,0.00%,0.00%,0.00%,0.00%,0.00%,0.00%,,0.00%,0.00%,0.00%,0.00%,0.00%,0.00%,0.00%,0.00%,0.00%,0.00%,0.00%,0.00%,0.00%,,FALSE,98840.34,1,0.00
50.0,Thermal Propulsion Rocket,Thermal Propulsion Rocket,0.00%,0.00%,0.00%,0.00%,0.00%,0.00%,,0.00%,0.00%,0.00%,0.00%,0.00%,0.00%,0.00%,0.00%,0.00%,0.00%,0.00%,0.00%,0.00%,,FALSE,98840.34,1,0.00
50.0,Time Crystal,Time Crystal,0.00%,0.00%,0.00%,0.00%,0.00%,0.00%,,0.00%,0.00%,0.00%,0.00%,0.00%,0.00%,0.00%,0.00%,0.00%,0.00%,0.00%,0.00%,0.00%,,FALSE,98840.34,1,0.00
19.5,Copper Ingot,Alternate: Pure Copper Ingot,12.56%,-4.06%,-4.44%,-11.41%,23.19%,-11.53%,,0.25%,4.88%,0.00%,1.33%,1.11%,4.12%,9.15%,2.01%,7.83%,53.84%,8.79%,-59.90%,0.57%,,TRUE,104181.36,1.018981087,1.42
13.0,Non-Fissile Uranium,Alternate: Fertile Uranium,2.76%,2.25%,2.19%,2.45%,2.13%,3.23%,,2.54%,-0.93%,0.00%,14.75%,4.15%,-1.31%,2.02%,-3.92%,0.92%,2.32%,24.51%,2.36%,2.31%,,TRUE,101357.44,1.025466323,1.90
50.0,Turbo Motor,Turbo Motor,0.00%,0.00%,0.00%,0.00%,0.00%,0.00%,,0.00%,0.00%,0.00%,0.00%,0.00%,0.00%,0.00%,0.00%,0.00%,0.00%,0.00%,0.00%,0.00%,,FALSE,99842.22,1,0.00
9.1,Radio Control Unit,Alternate: Radio Connection Unit,0.62%,2.71%,3.92%,2.19%,1.98%,4.49%,,-6.25%,0.24%,0.00%,0.07%,2.55%,45.06%,0.44%,34.18%,0.38%,-1.39%,0.41%,0.20%,0.18%,,TRUE,102274.78,1.030806646,2.30
5.2,Diamonds,Alternate: Cloudy Diamonds,4.19%,5.40%,1.43%,11.85%,2.18%,3.98%,,0.09%,1.66%,0.00%,699.25%,0.69%,1.40%,-38.36%,0.69%,2.65%,2.17%,3.02%,0.01%,0.03%,,TRUE,105434.66,1.038825303,2.90
50.0,Turbofuel,Turbofuel,0.00%,0.00%,0.00%,0.00%,0.00%,0.00%,,0.00%,0.00%,0.00%,0.00%,0.00%,0.00%,0.00%,0.00%,0.00%,0.00%,0.00%,0.00%,0.00%,,FALSE,98879.96,1,0.00
50.0,Uranium,Uranium Ore (Bauxite),0.00%,0.00%,0.00%,0.00%,0.00%,0.00%,,0.00%,0.00%,0.00%,0.00%,0.00%,0.00%,0.00%,0.00%,0.00%,0.00%,0.00%,0.00%,0.00%,,FALSE,98840.34,1,0.00
4.2,Ionized Fuel,Alternate: Dark-Ion Fuel,-0.23%,4.33%,2.59%,3.75%,0.87%,7.14%,,9.82%,11.15%,69.66%,-0.02%,5.99%,-0.08%,30.61%,-17.05%,16.87%,3.53%,-0.12%,0.00%,0.01%,,TRUE,102967.68,1.041757647,3.12
50.0,Uranium Fuel Rod,Uranium Fuel Rod,0.00%,0.00%,0.00%,0.00%,0.00%,0.00%,,0.00%,0.00%,0.00%,0.00%,0.00%,0.00%,0.00%,0.00%,0.00%,0.00%,0.00%,0.00%,0.00%,,FALSE,100569.10,1,0.00
50.0,Uranium Waste,Nuclear Power Plant (Uranium Fuel Rod),0.00%,0.00%,0.00%,0.00%,0.00%,0.00%,,0.00%,0.00%,0.00%,0.00%,0.00%,0.00%,0.00%,0.00%,0.00%,0.00%,0.00%,0.00%,0.00%,,FALSE,98840.34,1,0.00
3.2,Dark Matter Crystal,Alternate: Dark Matter Crystallization,4.62%,3.00%,3.19%,3.38%,1.66%,8.54%,,0.09%,1.81%,126.78%,0.49%,-28.89%,1.53%,3.39%,0.75%,2.89%,2.37%,3.24%,0.01%,0.03%,,TRUE,106216.10,1.045538815,3.40
50.0,Versatile Framework,Versatile Framework,0.00%,0.00%,0.00%,0.00%,0.00%,0.00%,,0.00%,0.00%,0.00%,0.00%,0.00%,0.00%,0.00%,0.00%,0.00%,0.00%,0.00%,0.00%,0.00%,,FALSE,98883.90,1,0.00
2.9,Diamonds,Alternate: Petroleum Diamonds,3.73%,6.85%,11.75%,-9.73%,8.28%,-0.72%,,-2.86%,1.48%,0.00%,0.40%,89.04%,6.20%,-96.09%,-1.62%,-4.42%,1.97%,2.67%,0.06%,0.07%,,TRUE,106265.60,1.047012379,3.51
2.0,Copper Ingot,Alternate: Leached Copper Ingot,5.20%,2.18%,-18.87%,-4.65%,4.66%,8.30%,,0.10%,2.02%,0.00%,0.55%,0.46%,1.70%,3.81%,0.83%,427.76%,43.07%,3.62%,-59.00%,0.24%,,TRUE,107553.04,1.051958946,3.88
0.2,Copper Ingot,Alternate: Tempered Copper Ingot,7.99%,9.95%,-3.63%,-16.70%,19.14%,-2.63%,,-1.32%,3.11%,0.00%,0.84%,73.13%,35.06%,5.84%,-17.39%,1.51%,3.34%,5.59%,-59.24%,0.37%,,TRUE,110728.54,1.083017999,6.20
50.0,Wire,Wire,0.00%,0.00%,0.00%,0.00%,0.00%,0.00%,,0.00%,0.00%,0.00%,0.00%,0.00%,0.00%,0.00%,0.00%,0.00%,0.00%,0.00%,0.00%,0.00%,,FALSE,99011.80,1,0.00